Title,Subhead,URL,Premium,Byline,Article type,Image
 What students are saying during high school blockades: 'I am worried about my future and for all students in France'  ,"From the Paris suburbs to Marseille, as well as Toulouse and Lyon, high schoolers interviewed by Le Monde during the blockades described their study conditions, their concerns and their need to be heard.",https://www.lemonde.fr/en/france/article/2026/10/06/what-students-are-voicing-during-high-school-blockades-i-am-worried-about-my-future-and-for-all-students-in-france_6758294_7.html,Yes,No,N/A,https://img.lemde.fr/2026/10/05/0/0/8256/5504/400/266/75/0/a00cc5f_ftp-1-nugb31np1yxj-5271633-01-06.jpg
"'France's student protests are, above all, a collective expression of how difficult schoolwork has become'",N/A,https://www.lemonde.fr/en/opinion/article/2026/10/06/france-s-student-protests-are-above-all-a-collective-expression-of-how-difficult-schoolwork-has-become_6758287_23.html,Yes,No,N/A,https://img.lemde.fr/2026/02/25/0/0/1500/1000/398/265/75/0/152151f_upload-1-m0ahwqny6ybn-frame-1023.jpg
French high school protests: What we know about injuries among demonstrators and police,N/A,https://www.lemonde.fr/en/france/article/2026/10/06/high-school-protests-what-we-know-about-injuries-among-demonstrators-and-police_6758279_7.html,Yes,No,N/A,https://img.lemde.fr/2026/10/05/0/0/5737/3824/398/265/75/0/6bcff4f_upload-1-syogmtlvjl6d-maxnewsspecialtwo747999.jpg
Québec's independence back to the table after Parti Québécois election win,"Following his party's victory, Paul St-Pierre Plamondon is set to become Québec's 34th prime minister, with the promise of an independence referendum in sight.",https://www.lemonde.fr/en/international/article/2026/10/06/canada-s-independence-back-to-the-table-after-parti-quebecois-election-win_6758306_4.html,Yes,No,N/A,https://img.lemde.fr/2026/10/06/119/0/3500/2333/398/265/75/0/b2f2f2c_ftp-1-fnlzxudgrb6g-297a452131c6456bade5cb76d26c3d04-0-3dc2cb6d98f14fcaafdd367556ff9e04.jpg
Russia's reassurances only fuel anxiety over suspected plague outbreak in Siberia,"Authorities say the death of a laboratory worker in Irkutsk was not caused by the plague bacterium. But the scale of the quarantine measures, conflicting official statements and information censorship have raised questions.",https://www.lemonde.fr/en/environment/article/2026/10/06/russia-s-reassurances-only-fuel-anxiety-over-suspected-plague-outbreak-in-siberia_6758298_114.html,Yes,No,N/A,https://img.lemde.fr/2026/10/05/0/0/1000/666/398/265/75/0/fc1dd52_ftp-1-0vcaieonevcv-d438681e0e16465c9618d443448fa1ff-2-69617d793c6746c59fa981317d5c16ba.jpg
"Despite pain, two former October 7 Hamas hostages promote message of peace","Among the 251 Israelis taken captive by Hamas on October 7, 2023, Aviva and Keith Siegel chose to speak publicly about the abuse they suffered. While Prime Minister Benjamin Netanyahu has claimed the release of hostages as an achievement in his election campaign, the couple in their 60s has continued to oppose the war.",https://www.lemonde.fr/en/m-le-mag/article/2026/10/06/three-years-after-october-7-despite-pain-two-former-hamas-hostages-promote-message-of-peace_6758284_117.html,Yes,No,N/A,https://img.lemde.fr/2026/09/28/200/0/1500/1000/398/265/75/0/5ce6edf_ftp-1-6gvpodu4rz3f-445523-3509310.jpg
"Defending Bardella no matter what, Marine Le Pen's risky strategy",The far-right party closed ranks behind its president despite the evidence of his past antisemitic writings published by investigative news site Mediapart. Jordan Bardella's loss of credibility could taint Marine Le Pen's presidential campaign.,https://www.lemonde.fr/en/politics/article/2026/10/06/defending-bardella-no-matter-what-marine-le-pen-s-risky-strategy_6758303_5.html,No, Clément Guillou and  Corentin Lesueur,N/A,https://img.lemde.fr/2026/09/13/0/0/3000/2000/664/442/75/0/929cd0a_upload-1-58xz1ifflqjb-rn-meetingrentre-e-asurp-100715.jpg
2026 Nobel Prize in Physics awarded to Belgium's Francis Halzen for his work on subatomic particles at the South Pole,N/A,https://www.lemonde.fr/en/international/article/2026/10/06/2026-nobel-prize-in-physics-awarded-to-belgium-s-francis-halzen_6758300_4.html,No,No,N/A,https://img.lemde.fr/2026/10/06/0/0/8256/5504/198/132/95/0/c414878_ftp-1-ntz6cpfz1vvv-3e8b5980e7d84d038898a7c9484814b2-0-a4d9f7dff163460e9660cb045df6fcd7.jpg
Israel threatens to make Gazans pay 'heavy price' for any Hamas attack during October 7 anniversary,N/A,https://www.lemonde.fr/en/international/article/2026/10/06/israel-threatens-to-make-gazans-pay-heavy-price-for-any-hamas-attack-during-october-7-anniversary_6758301_4.html,No,No,N/A,https://img.lemde.fr/2026/10/06/0/0/4792/3195/198/132/95/0/84e5480_ftp-1-ju9qja747frh-5277221-01-06.jpg
Le Pen vows drastic budget cuts to prevent French 'default' on debt,N/A,https://www.lemonde.fr/en/france/article/2026/10/06/le-pen-vows-drastic-budget-cuts-to-prevent-french-default-on-debt_6758304_7.html,No,No,N/A,https://img.lemde.fr/2026/10/06/0/0/5203/3468/198/132/95/0/12d2891_ftp-1-b45ajhtl0iju-5278573-01-06.jpg
Spanish PM Sanchez once again bets on the ballot box amid housing crisis unrest,N/A,https://www.lemonde.fr/en/international/article/2026/10/06/in-spain-sanchez-once-again-bets-on-the-ballot-box-amid-housing-crisis-unrest_6758280_4.html,Yes,No,N/A,https://img.lemde.fr/2026/10/03/0/0/6484/4323/198/132/95/0/c03238b_ftp-1-h2rtdug0ih7u-5253002-01-06.jpg
"Summer 2026 heatwave cost France €16 billion, says Assemblée Nationale report",N/A,https://www.lemonde.fr/en/politics/article/2026/10/06/summer-2026-heatwave-cost-france-16-billion-says-assemblee-nationale-report_6758282_5.html,Yes,No,N/A,No URL
North Korean refugee describes life caught between capitalist hustle and socialist repression,N/A,https://www.lemonde.fr/en/international/article/2026/10/05/north-korean-refugee-describes-life-caught-between-capitalist-hustle-and-socialist-repression_6758270_4.html,Yes,No,N/A,No URL
Olise powers France to 4-1 win over Belgium in UEFA Nations League,N/A,https://www.lemonde.fr/en/sports/article/2026/10/06/olise-powers-france-to-4-1-win-over-belgium-in-nations-league_6758281_9.html,No,No,N/A,No URL
"Former German spy chief arrested for espionage, treason",N/A,https://www.lemonde.fr/en/international/article/2026/10/06/former-german-spy-chief-arrested-for-espionage-treason_6758299_4.html,No,No,N/A,No URL
Discovery of 11 bodies in Johannesburg exposes scale of violence against women,N/A,https://www.lemonde.fr/en/le-monde-africa/article/2026/10/06/discovery-of-11-bodies-in-johannesburg-exposes-scale-of-violence-against-women_6758291_124.html,Yes,No,N/A,No URL
"Annick Lemoine, president of the Musée d'Orsay: 'I want the museum to become a place for debate that fosters critical thinking'",N/A,https://www.lemonde.fr/en/culture/article/2026/10/05/annick-lemoine-president-of-the-musee-d-orsay-i-want-the-museum-to-become-a-place-for-debate-that-fosters-critical-thinking_6758276_30.html,Yes,No,N/A,No URL
"In Aberdeen, the slow twilight of North Sea oil and gas",N/A,https://www.lemonde.fr/en/economy/article/2026/10/05/in-aberdeen-scotland-the-slow-twilight-of-north-sea-oil-and-gas_6758278_19.html,Yes,No,N/A,No URL
"Best-selling British author and former Conservative politician Jeffrey Archer dies, aged 86",N/A,https://www.lemonde.fr/en/books/article/2026/10/06/best-selling-british-author-and-fomer-conservative-politician-jeffrey-archer-dies-aged-86_6758283_33.html,No,No,N/A,No URL
"Why French high schoolers are protesting, and why their movement is already historic","What began as a spontaneous protest in the Paris suburbs has grown to a scale unseen in decades, as students denounce learning conditions and uncertain prospects. The government's essentially repressive response risks fuelling further anger.",https://www.lemonde.fr/en/france/article/2026/10/05/why-french-high-schoolers-are-protesting-and-why-their-movement-is-already-historic_6758257_7.html,No, Eléa Pommiers and  Sylvie Lecherbonnier,N/A,https://img.lemde.fr/2026/10/01/0/0/2953/1968/664/442/75/0/e4cfddc_upload-1-f6fmw4i2mnca-026-millerand-5h9a8913.jpg
"'The racist, xenophobic and antisemitic remarks regularly made within the RN have not tarnished the party's image'","Political scientist Alexandre Dézé tells Le Monde that alternating between radicalism and respectability is at the heart of the strategy adopted by Marine Le Pen's Rassemblement National, which now enjoys a very solid base of support within the French political landscape.",https://www.lemonde.fr/en/opinion/article/2026/10/05/racist-xenophobic-and-antisemitic-remarks-that-are-regularly-made-within-the-far-right-rassemblement-national-have-failed-to-tarnish-the-party-s-image_6758250_23.html,No, Marion Dupont,N/A,https://img.lemde.fr/2026/09/29/0/15/7969/5313/664/442/75/0/55a529c_upload-1-n6qflyt1xdft-jmug260929001.jpg
Constant atmosphere of war is gripping Kyiv residents: 'The enemy is destroying the city',"Since Russian strikes intensified at the end of August, daily life in the Ukrainian capital has been marked by air raid alerts and bombings, upending the lives of residents, who, for now, are refusing to resign themselves to a new exodus.",https://www.lemonde.fr/en/international/article/2026/10/05/constant-atmosphere-of-war-is-gripping-kyiv-residents-the-enemy-is-destroying-the-city_6758266_4.html,No, Rémy Ourdan and  Thomas d’Istria,N/A,https://img.lemde.fr/2026/10/04/0/0/4300/2866/664/442/75/0/df6b36c_upload-1-pnkpg1zovs3y-kiev-ambiance-vnguyenhoang-15.jpg
French high school protests: The risk of a united front of discontent,N/A,https://www.lemonde.fr/en/opinion/article/2026/10/05/french-high-school-protests-the-risk-of-a-united-front-of-discontent_6758264_23.html,No,No,N/A,No URL
'It is time to recognize that Palestinians represent Israel's true hope',N/A,https://www.lemonde.fr/en/opinion/article/2026/10/05/it-is-time-to-recognize-that-palestinians-represent-israel-s-true-hope_6758265_23.html,No,No,N/A,No URL
French high school protests: Authorities should have listened to students first,N/A,https://www.lemonde.fr/en/opinion/article/2026/10/02/french-high-school-protests-authorities-should-have-listened-to-students-first_6758174_23.html,No,No,N/A,No URL
